<?xml version="1.0" encoding="UTF-8"?>
<beans xmlns="http://www.springframework.org/schema/beans"
	xmlns:xsi="http://www.w3.org/2001/XMLSchema-instance"
	xmlns:mybatis-spring="http://mybatis.org/schema/mybatis-spring"
	xmlns:aop="http://www.springframework.org/schema/aop"
	xmlns:context="http://www.springframework.org/schema/context"
	xmlns:jdbc="http://www.springframework.org/schema/jdbc"
	xsi:schemaLocation="http://www.springframework.org/schema/jdbc http://www.springframework.org/schema/jdbc/spring-jdbc-4.3.xsd
		http://mybatis.org/schema/mybatis-spring http://mybatis.org/schema/mybatis-spring-1.2.xsd
		http://www.springframework.org/schema/beans https://www.springframework.org/schema/beans/spring-beans.xsd
		http://www.springframework.org/schema/context http://www.springframework.org/schema/context/spring-context-4.3.xsd
		http://www.springframework.org/schema/aop http://www.springframework.org/schema/aop/spring-aop-4.3.xsd">
   <bean id="dataSource"
	  class="org.springframework.jdbc.datasource.DriverManagerDataSource" >
	  <property name="driverClassName"   value="com.mysql.cj.jdbc.Driver" />
	  <property name="url"  value="jdbc:mysql://localhost:3306/book_ex?serverTimezone=Asia/Seoul&amp;useSSL=false&amp;useUnicode=true&amp;characterEncoding=UTF-8" />
	  <property name="username" value="zerock" />
	  <property name="password" value="1234" />
  </bean>	
  <bean id="sqlSessionFactory"
        class="org.mybatis.spring.SqlSessionFactoryBean">
          <property name="dataSource" ref="dataSource"> </property> 
          <property name="configLocation" value="classpath:/mybatis-config.xml"></property>
  </bean> 
	
		
</beans>
